create table Workers
(
  pass_id           int primary key,
  shift_no          int,
  full_name         VARCHAR(90) NOT NULL,
  position          VARCHAR(30) not null,
  date_of_emplyment TIMESTAMP(0)
);

create table Shifts
(
  shift_no        int primary key,
  workshop_no     int,
  type_of_product VARCHAR(30),
  start_time      TIMESTAMP(0) not null,
  end_time        TIMESTAMP(0) not null
);

create table Products_per_day_by_shift
(
  date                          timestamp(0),
  shift_no                      int,
  number_of_produced_production int not null,
  primary key (date, shift_no)
);

create table Workshops
(
  workshop_no         int primary key,
  date_of_last_update timestamp(0),
  scrap_rate          real,
  production_rate     int not null
);

create table Machines
(
  workshop_no     int,
  machine_type    VARCHAR(30) not null,
  type_of_product VARCHAR(30)
);

create table Production
(
  type_of_product VARCHAR(30) primary key
);

create table Production_value
(
  type_of_product  VARCHAR(30),
  date_value_start TIMESTAMP(0) NOT NULL,
  date_value_end   TIMESTAMP(0) NOT NULL,
  value            INT          NOT NULL,
  primary key (type_of_product, date_value_end, date_value_start)
);

create table Required_materials
(
  type_of_product   VARCHAR(30),
  type_of_materials VARCHAR(30)
);

create table Material
(
  type_of_materials VARCHAR(30) primary key
);

create table Materials_cost
(
  type_of_materials VARCHAR(30),
  date_cost_start   TIMESTAMP(0) NOT NULL,
  date_cost_end     TIMESTAMP(0) NOT NULL,
  cost              INT          NOT NULL,
  primary key (date_cost_start, date_cost_end)
);

alter table Workers
  add constraint FK_ShiftWoker foreign key (shift_no) references Shifts (shift_no);
alter table Shifts
  add constraint FK_ShiftWokshop foreign key (workshop_no) references Workshops (workshop_no);
alter table Shifts
  add constraint FK_ShiftProduction foreign key (type_of_product) references Production (type_of_product);
alter table Machines
  add constraint FK_MachinesWokshop foreign key (workshop_no) references Workshops (workshop_no);
alter table Machines
  add constraint FK_MachinesProduction foreign key (type_of_product) references Production (type_of_product);
alter table Products_per_day_by_shift
  add constraint FK_ProductionPerDayShifts foreign key (shift_no) references Shifts (shift_no);
alter table Production_value
  add constraint FK_ProductionProduction_value foreign key (type_of_product) references Production (type_of_product);
alter table Required_materials
  add constraint FK_ProductionRequired_materials foreign key (type_of_product) references Production (type_of_product);
alter table Required_materials
  add constraint FK_MaterialsPerDayShifts foreign key (type_of_materials) references Material (type_of_materials);
alter table Materials_cost
  add constraint FK_MaterialsMaterials_cost foreign key (type_of_materials) references Material (type_of_materials);

insert into Workshops (workshop_no, date_of_last_update, scrap_rate, production_rate)
values (1, '1990-06-12', 0.24, 230),
       (2, '1983-07-18', 0.29, 230),
       (3, '1965-12-23', 0.36, 230),
       (4, '2003-05-30', 0.14, 95),
       (5, '2005-03-07', 0.15, 95);

insert into Production (type_of_product)
values ('сталь 15XCHD'),
       ('сталь P5'),
       ('сталь ШХ4'),
       ('дюрасталь 9DOG5'),
       ('дюрасталь K9');

insert into Machines (workshop_no, machine_type, type_of_product)
VALUES (1, 'плавильная печь', 'сталь 15XCHD'),
       (2, 'плавильная печь', 'сталь P5'),
       (3, 'плавильная печь', 'сталь ШХ4'),
       (4, 'промышленная печь', 'дюрасталь 9DOG5'),
       (5, 'промышленная печь', 'дюрасталь K9');

insert into Shifts (shift_no, workshop_no, type_of_product, start_time, end_time)
values (1, 2, 'сталь P5', '4000-01-01 07:00:00', '4000-01-01 15:00:00'),
       (2, 2, 'сталь P5', '4000-01-01 15:00:00', '4000-01-01 23:00:00'),
       (3, 1, 'сталь 15XCHD', '4000-01-01 07:00:00', '4000-01-01 15:00:00'),
       (4, 1, 'сталь 15XCHD', '4000-01-01 15:00:00', '4000-01-01 23:00:00'),
       (5, 3, 'сталь ШХ4', '4000-01-01 07:00:00', '4000-01-01 15:00:00'),
       (6, 3, 'сталь ШХ4', '4000-01-01 15:00:00', '4000-01-01 23:00:00'),
       (7, 4, 'дюрасталь 9DOG5', '4000-01-01 07:00:00', '4000-01-01 15:00:00'),
       (8, 4, 'дюрасталь 9DOG5', '4000-01-01 15:00:00', '4000-01-01 23:00:00'),
       (9, 5, 'дюрасталь K9', '4000-01-01 07:00:00', '4000-01-01 15:00:00'),
       (10, 5, 'дюрасталь K9', '4000-01-01 15:00:00', '4000-01-01 23:00:00');

insert into Workers (pass_id, shift_no, full_name, position, date_of_emplyment)
values (98343, 1, 'Волков П.Э.', 'начальник смены', '1987-10-23'),
       (32200, 1, 'Соколов Э.М.', 'электромонтер', '1987-10-27'),
       (26394, 1, 'Яковлев А.К.', 'сталевар', '1987-06-20'),
       (36190, 1, 'Романов Е.Ф.', 'электросварщик', '1988-05-23'),
       (22153, 1, 'Никитин Е.Э.', 'электромонтер', '1987-05-28'),
       (37045, 1, 'Кузьмин Э.Я.', 'электросварщик', '1990-04-28'),
       (20977, 1, 'Кузнецов И.Г.', 'термообработчик', '1987-06-20'),
       (31410, 1, 'Орлов Г.Д.', 'электромонтер', '1987-10-23'),
       (38792, 1, 'Смирнов И.Б.', 'электромонтер', '1991-04-22'),
       (90959, 1, 'Попов И.Г.', 'сталевар', '1987-04-18'),
       (54021, 2, 'Морозов Д.Д.', 'начальник смены', '1987-04-18'),
       (45887, 2, 'Романов И.П.', 'термообработчик', '1987-04-18'),
       (63185, 2, 'Григорьев Я.М.', 'термообработчик', '1988-05-23'),
       (86069, 2, 'Федоров П.М.', 'прокатчик', '1989-12-30'),
       (16793, 2, 'Павлов К.Е.', 'сталевар', '1988-08-10'),
       (20616, 2, 'Григорьев Я.Г.', 'термообработчик', '1988-05-23'),
       (51330, 2, 'Орлов Б.З.', 'сталевар', '1987-04-18'),
       (17125, 2, 'Борисов Э.П.', 'электросварщик', '1988-09-30'),
       (83043, 2, 'Алексеев М.Э.', 'сталевар', '1990-04-01'),
       (22224, 2, 'Васильев Е.А.', 'разливщик', '1987-06-20'),
       (96985, 3, 'Петров Е.Д.', 'начальник смены', '1989-04-23'),
       (77257, 3, 'Смирнов А.З.', 'термообработчик', '1991-04-22'),
       (97368, 3, 'Иванов Я.П.', 'термообработчик', '1970-01-17'),
       (64916, 3, 'Морозов П.Я.', 'электромонтер', '1989-12-30'),
       (41431, 3, 'Соловьев Д.Б.', 'сталевар', '1988-05-23'),
       (26433, 3, 'Павлов Г.М.', 'сталевар', '1989-04-23'),
       (68788, 3, 'Морозов Я.К.', 'прокатчик', '1990-04-28'),
       (50801, 3, 'Лебедев Ф.А.', 'термообработчик', '1987-04-18'),
       (57774, 3, 'Соколов К.М.', 'электромонтер', '1988-05-23'),
       (10636, 3, 'Волков И.Д.', 'прокатчик', '1987-06-20'),
       (47031, 4, 'Соловьев Д.А.', 'начальник смены', '1988-04-05'),
       (85713, 4, 'Воробьев К.М.', 'сталевар', '1990-04-28'),
       (19173, 4, 'Иванов Ф.Г.', 'прокатчик', '1988-09-30'),
       (33456, 4, 'Никитин З.Я.', 'прокатчик', '1970-01-17'),
       (37697, 4, 'Соколов Д.Д.', 'сталевар', '1989-02-03'),
       (20250, 4, 'Борисов П.Г.', 'прокатчик', '1988-08-10'),
       (16537, 4, 'Зайцев И.М.', 'электромонтер', '1990-04-01'),
       (83725, 4, 'Морозов З.Э.', 'разливщик', '1988-04-05'),
       (22019, 4, 'Степанов К.К.', 'сталевар', '1990-04-01'),
       (36350, 4, 'Кузьмин И.М.', 'электромонтер', '1991-04-22'),
       (37074, 5, 'Никитин Д.Ф.', 'начальник смены', '1988-04-05'),
       (58150, 5, 'Захаров И.А.', 'термообработчик', '1990-04-28'),
       (81020, 5, 'Федоров А.З.', 'электросварщик', '1991-04-22'),
       (55863, 5, 'Иванов В.Д.', 'термообработчик', '1988-04-05'),
       (78999, 5, 'Смирнов Я.В.', 'термообработчик', '1987-05-28'),
       (48091, 5, 'Борисов Ф.Г.', 'электросварщик', '1989-06-22'),
       (95751, 5, 'Орлов Я.И.', 'разливщик', '1990-04-28'),
       (70963, 5, 'Захаров Ф.Д.', 'прокатчик', '1989-12-30'),
       (56337, 5, 'Козлов Э.П.', 'электросварщик', '1989-12-30'),
       (26152, 5, 'Волков М.Е.', 'прокатчик', '1989-06-22'),
       (34835, 6, 'Кузнецов П.Д.', 'начальник смены', '1988-09-30'),
       (50245, 6, 'Егоров Е.К.', 'разливщик', '1988-09-30'),
       (46003, 6, 'Лебедев М.Ф.', 'термообработчик', '1989-12-30'),
       (45994, 6, 'Васильев А.И.', 'термообработчик', '1987-11-25'),
       (44595, 6, 'Макаров Г.З.', 'сталевар', '1989-12-30'),
       (74917, 6, 'Морозов Д.Б.', 'электромонтер', '1990-04-28'),
       (61302, 6, 'Кузнецов А.Я.', 'электросварщик', '1987-06-17'),
       (95704, 6, 'Фролов П.М.', 'прокатчик', '1987-06-20'),
       (64903, 6, 'Андреев В.М.', 'разливщик', '1989-06-22'),
       (73393, 6, 'Романов В.Ф.', 'прокатчик', '1988-09-30'),
       (36377, 7, 'Лебедев М.В.', 'начальник смены', '1988-05-23'),
       (71314, 7, 'Семенов Д.Б.', 'электросварщик', '1988-04-05'),
       (25015, 7, 'Андреев Б.М.', 'прокатчик', '1989-06-22'),
       (37138, 7, 'Егоров З.Г.', 'прокатчик', '1989-04-23'),
       (57715, 7, 'Григорьев Я.Д.', 'электросварщик', '1987-06-20'),
       (58771, 7, 'Лебедев Я.Г.', 'разливщик', '1987-10-27'),
       (59505, 7, 'Волков М.Д.', 'сталевар', '1987-11-25'),
       (76891, 7, 'Фролов В.Д.', 'прокатчик', '1989-12-30'),
       (25255, 7, 'Фролов Б.В.', 'разливщик', '1989-02-03'),
       (79889, 7, 'Яковлев М.Д.', 'разливщик', '1990-04-28'),
       (63401, 8, 'Романов Г.И.', 'начальник смены', '1990-04-01'),
       (75067, 8, 'Лебедев П.А.', 'термообработчик', '1987-06-20'),
       (46078, 8, 'Андреев П.И.', 'термообработчик', '1991-04-22'),
       (87633, 8, 'Соколов Г.Б.', 'разливщик', '1989-06-22'),
       (31937, 8, 'Никитин Ф.К.', 'термообработчик', '1989-06-22'),
       (13238, 8, 'Романов Я.А.', 'сталевар', '1988-09-30'),
       (50276, 8, 'Степанов Д.А.', 'электромонтер', '1987-10-23'),
       (11815, 8, 'Васильев Я.К.', 'прокатчик', '1988-04-05'),
       (93761, 8, 'Лебедев А.И.', 'термообработчик', '1991-04-22'),
       (10115, 8, 'Романов Б.П.', 'электросварщик', '1989-02-03'),
       (80815, 9, 'Егоров И.З.', 'начальник смены', '1988-04-05'),
       (70861, 9, 'Воробьев Я.З.', 'сталевар', '1989-04-23'),
       (23731, 9, 'Александров П.М.', 'электромонтер', '1987-11-25'),
       (25609, 9, 'Волков Ф.Г.', 'разливщик', '1987-04-18'),
       (33653, 9, 'Захаров П.А.', 'термообработчик', '1988-05-23'),
       (39398, 9, 'Иванов Г.Д.', 'сталевар', '1989-02-03'),
       (89967, 9, 'Соловьев К.Я.', 'прокатчик', '1987-10-23'),
       (11428, 9, 'Морозов Е.Э.', 'электромонтер', '1989-02-03'),
       (72259, 9, 'Фролов М.Б.', 'разливщик', '1988-09-30'),
       (55705, 9, 'Волков В.М.', 'термообработчик', '1989-06-22'),
       (32419, 10, 'Орлов В.В.', 'начальник смены', '1987-06-20'),
       (25599, 10, 'Воробьев Я.Д.', 'термообработчик', '1990-04-28'),
       (50368, 10, 'Волков В.А.', 'разливщик', '1988-04-05'),
       (68428, 10, 'Смирнов Е.П.', 'электромонтер', '1970-01-17'),
       (69477, 10, 'Орлов А.Е.', 'прокатчик', '1987-06-17'),
       (21094, 10, 'Попов З.Д.', 'сталевар', '1989-02-03'),
       (70252, 10, 'Андреев А.Я.', 'электросварщик', '1987-10-23'),
       (19274, 10, 'Петров И.Д.', 'прокатчик', '1987-05-28'),
       (99537, 10, 'Смирнов А.К.', 'электромонтер', '1970-01-17'),
       (51266, 10, 'Васильев Я.И.', 'прокатчик', '1970-01-17');

insert into Products_per_day_by_shift (date, shift_no, number_of_produced_production)
values ('2018-04-1', 1, 247),
       ('2018-04-1', 2, 220),
       ('2018-04-1', 3, 219),
       ('2018-04-1', 4, 224),
       ('2018-04-1', 5, 231),
       ('2018-04-1', 6, 233),
       ('2018-04-1', 7, 82),
       ('2018-04-1', 8, 82),
       ('2018-04-1', 9, 112),
       ('2018-04-1', 10, 90),
       ('2018-04-2', 1, 232),
       ('2018-04-2', 2, 232),
       ('2018-04-2', 3, 239),
       ('2018-04-2', 4, 218),
       ('2018-04-2', 5, 226),
       ('2018-04-2', 6, 241),
       ('2018-04-2', 7, 113),
       ('2018-04-2', 8, 76),
       ('2018-04-2', 9, 89),
       ('2018-04-2', 10, 81),
       ('2018-04-3', 1, 224),
       ('2018-04-3', 2, 244),
       ('2018-04-3', 3, 247),
       ('2018-04-3', 4, 247),
       ('2018-04-3', 5, 249),
       ('2018-04-3', 6, 216),
       ('2018-04-3', 7, 105),
       ('2018-04-3', 8, 95),
       ('2018-04-3', 9, 104),
       ('2018-04-3', 10, 79),
       ('2018-04-4', 1, 212),
       ('2018-04-4', 2, 220),
       ('2018-04-4', 3, 246),
       ('2018-04-4', 4, 230),
       ('2018-04-4', 5, 242),
       ('2018-04-4', 6, 237),
       ('2018-04-4', 7, 112),
       ('2018-04-4', 8, 97),
       ('2018-04-4', 9, 104),
       ('2018-04-4', 10, 76),
       ('2018-04-5', 1, 228),
       ('2018-04-5', 2, 224),
       ('2018-04-5', 3, 217),
       ('2018-04-5', 4, 225),
       ('2018-04-5', 5, 226),
       ('2018-04-5', 6, 236),
       ('2018-04-5', 7, 107),
       ('2018-04-5', 8, 93),
       ('2018-04-5', 9, 105),
       ('2018-04-5', 10, 84),
       ('2018-04-6', 1, 220),
       ('2018-04-6', 2, 233),
       ('2018-04-6', 3, 213),
       ('2018-04-6', 4, 212),
       ('2018-04-6', 5, 214),
       ('2018-04-6', 6, 237),
       ('2018-04-6', 7, 92),
       ('2018-04-6', 8, 96),
       ('2018-04-6', 9, 98),
       ('2018-04-6', 10, 101),
       ('2018-04-7', 1, 243),
       ('2018-04-7', 2, 213),
       ('2018-04-7', 3, 237),
       ('2018-04-7', 4, 227),
       ('2018-04-7', 5, 215),
       ('2018-04-7', 6, 219),
       ('2018-04-7', 7, 91),
       ('2018-04-7', 8, 77),
       ('2018-04-7', 9, 109),
       ('2018-04-7', 10, 107),
       ('2018-04-8', 1, 224),
       ('2018-04-8', 2, 249),
       ('2018-04-8', 3, 219),
       ('2018-04-8', 4, 215),
       ('2018-04-8', 5, 233),
       ('2018-04-8', 6, 212),
       ('2018-04-8', 7, 90),
       ('2018-04-8', 8, 111),
       ('2018-04-8', 9, 105),
       ('2018-04-8', 10, 78),
       ('2018-04-9', 1, 240),
       ('2018-04-9', 2, 241),
       ('2018-04-9', 3, 239),
       ('2018-04-9', 4, 217),
       ('2018-04-9', 5, 239),
       ('2018-04-9', 6, 246),
       ('2018-04-9', 7, 98),
       ('2018-04-9', 8, 93),
       ('2018-04-9', 9, 75),
       ('2018-04-9', 10, 104),
       ('2018-04-10', 1, 241),
       ('2018-04-10', 2, 237),
       ('2018-04-10', 3, 214),
       ('2018-04-10', 4, 223),
       ('2018-04-10', 5, 236),
       ('2018-04-10', 6, 233),
       ('2018-04-10', 7, 82),
       ('2018-04-10', 8, 91),
       ('2018-04-10', 9, 113),
       ('2018-04-10', 10, 82),
       ('2018-04-11', 1, 240),
       ('2018-04-11', 2, 233),
       ('2018-04-11', 3, 228),
       ('2018-04-11', 4, 246),
       ('2018-04-11', 5, 218),
       ('2018-04-11', 6, 231),
       ('2018-04-11', 7, 105),
       ('2018-04-11', 8, 113),
       ('2018-04-11', 9, 81),
       ('2018-04-11', 10, 83),
       ('2018-04-12', 1, 242),
       ('2018-04-12', 2, 220),
       ('2018-04-12', 3, 219),
       ('2018-04-12', 4, 217),
       ('2018-04-12', 5, 232),
       ('2018-04-12', 6, 233),
       ('2018-04-12', 7, 96),
       ('2018-04-12', 8, 96),
       ('2018-04-12', 9, 99),
       ('2018-04-12', 10, 114),
       ('2018-04-13', 1, 235),
       ('2018-04-13', 2, 217),
       ('2018-04-13', 3, 226),
       ('2018-04-13', 4, 227),
       ('2018-04-13', 5, 230),
       ('2018-04-13', 6, 220),
       ('2018-04-13', 7, 90),
       ('2018-04-13', 8, 113),
       ('2018-04-13', 9, 96),
       ('2018-04-13', 10, 113),
       ('2018-04-14', 1, 214),
       ('2018-04-14', 2, 219),
       ('2018-04-14', 3, 223),
       ('2018-04-14', 4, 240),
       ('2018-04-14', 5, 211),
       ('2018-04-14', 6, 230),
       ('2018-04-14', 7, 89),
       ('2018-04-14', 8, 86),
       ('2018-04-14', 9, 98),
       ('2018-04-14', 10, 104),
       ('2018-04-15', 1, 238),
       ('2018-04-15', 2, 241),
       ('2018-04-15', 3, 226),
       ('2018-04-15', 4, 224),
       ('2018-04-15', 5, 235),
       ('2018-04-15', 6, 235),
       ('2018-04-15', 7, 96),
       ('2018-04-15', 8, 83),
       ('2018-04-15', 9, 75),
       ('2018-04-15', 10, 104),
       ('2018-04-16', 1, 227),
       ('2018-04-16', 2, 236),
       ('2018-04-16', 3, 248),
       ('2018-04-16', 4, 234),
       ('2018-04-16', 5, 215),
       ('2018-04-16', 6, 224),
       ('2018-04-16', 7, 96),
       ('2018-04-16', 8, 97),
       ('2018-04-16', 9, 84),
       ('2018-04-16', 10, 76),
       ('2018-04-17', 1, 246),
       ('2018-04-17', 2, 232),
       ('2018-04-17', 3, 248),
       ('2018-04-17', 4, 210),
       ('2018-04-17', 5, 239),
       ('2018-04-17', 6, 218),
       ('2018-04-17', 7, 101),
       ('2018-04-17', 8, 80),
       ('2018-04-17', 9, 101),
       ('2018-04-17', 10, 76),
       ('2018-04-18', 1, 216),
       ('2018-04-18', 2, 240),
       ('2018-04-18', 3, 220),
       ('2018-04-18', 4, 238),
       ('2018-04-18', 5, 223),
       ('2018-04-18', 6, 235),
       ('2018-04-18', 7, 98),
       ('2018-04-18', 8, 94),
       ('2018-04-18', 9, 80),
       ('2018-04-18', 10, 102),
       ('2018-04-19', 1, 241),
       ('2018-04-19', 2, 241),
       ('2018-04-19', 3, 213),
       ('2018-04-19', 4, 230),
       ('2018-04-19', 5, 220),
       ('2018-04-19', 6, 212),
       ('2018-04-19', 7, 94),
       ('2018-04-19', 8, 90),
       ('2018-04-19', 9, 81),
       ('2018-04-19', 10, 112),
       ('2018-04-20', 1, 233),
       ('2018-04-20', 2, 223),
       ('2018-04-20', 3, 223),
       ('2018-04-20', 4, 210),
       ('2018-04-20', 5, 214),
       ('2018-04-20', 6, 217),
       ('2018-04-20', 7, 102),
       ('2018-04-20', 8, 92),
       ('2018-04-20', 9, 112),
       ('2018-04-20', 10, 81),
       ('2018-04-21', 1, 241),
       ('2018-04-21', 2, 218),
       ('2018-04-21', 3, 216),
       ('2018-04-21', 4, 223),
       ('2018-04-21', 5, 226),
       ('2018-04-21', 6, 221),
       ('2018-04-21', 7, 85),
       ('2018-04-21', 8, 97),
       ('2018-04-21', 9, 107),
       ('2018-04-21', 10, 82),
       ('2018-04-22', 1, 214),
       ('2018-04-22', 2, 249),
       ('2018-04-22', 3, 235),
       ('2018-04-22', 4, 211),
       ('2018-04-22', 5, 218),
       ('2018-04-22', 6, 227),
       ('2018-04-22', 7, 107),
       ('2018-04-22', 8, 76),
       ('2018-04-22', 9, 88),
       ('2018-04-22', 10, 96),
       ('2018-04-23', 1, 211),
       ('2018-04-23', 2, 243),
       ('2018-04-23', 3, 226),
       ('2018-04-23', 4, 217),
       ('2018-04-23', 5, 229),
       ('2018-04-23', 6, 231),
       ('2018-04-23', 7, 92),
       ('2018-04-23', 8, 98),
       ('2018-04-23', 9, 75),
       ('2018-04-23', 10, 88),
       ('2018-04-24', 1, 218),
       ('2018-04-24', 2, 231),
       ('2018-04-24', 3, 246),
       ('2018-04-24', 4, 214),
       ('2018-04-24', 5, 238),
       ('2018-04-24', 6, 211),
       ('2018-04-24', 7, 99),
       ('2018-04-24', 8, 78),
       ('2018-04-24', 9, 86),
       ('2018-04-24', 10, 87),
       ('2018-04-25', 1, 224),
       ('2018-04-25', 2, 221),
       ('2018-04-25', 3, 223),
       ('2018-04-25', 4, 234),
       ('2018-04-25', 5, 233),
       ('2018-04-25', 6, 237),
       ('2018-04-25', 7, 97),
       ('2018-04-25', 8, 111),
       ('2018-04-25', 9, 76),
       ('2018-04-25', 10, 95),
       ('2018-04-26', 1, 238),
       ('2018-04-26', 2, 237),
       ('2018-04-26', 3, 223),
       ('2018-04-26', 4, 230),
       ('2018-04-26', 5, 210),
       ('2018-04-26', 6, 249),
       ('2018-04-26', 7, 75),
       ('2018-04-26', 8, 100),
       ('2018-04-26', 9, 83),
       ('2018-04-26', 10, 78),
       ('2018-04-27', 1, 244),
       ('2018-04-27', 2, 236),
       ('2018-04-27', 3, 230),
       ('2018-04-27', 4, 242),
       ('2018-04-27', 5, 242),
       ('2018-04-27', 6, 247),
       ('2018-04-27', 7, 113),
       ('2018-04-27', 8, 111),
       ('2018-04-27', 9, 97),
       ('2018-04-27', 10, 108),
       ('2018-04-28', 1, 222),
       ('2018-04-28', 2, 249),
       ('2018-04-28', 3, 216),
       ('2018-04-28', 4, 245),
       ('2018-04-28', 5, 231),
       ('2018-04-28', 6, 249),
       ('2018-04-28', 7, 113),
       ('2018-04-28', 8, 87),
       ('2018-04-28', 9, 113),
       ('2018-04-28', 10, 104),
       ('2018-04-29', 1, 211),
       ('2018-04-29', 2, 214),
       ('2018-04-29', 3, 223),
       ('2018-04-29', 4, 235),
       ('2018-04-29', 5, 221),
       ('2018-04-29', 6, 239),
       ('2018-04-29', 7, 106),
       ('2018-04-29', 8, 112),
       ('2018-04-29', 9, 76),
       ('2018-04-29', 10, 112),
       ('2018-04-30', 1, 250),
       ('2018-04-30', 2, 216),
       ('2018-04-30', 3, 235),
       ('2018-04-30', 4, 214),
       ('2018-04-30', 5, 210),
       ('2018-04-30', 6, 227),
       ('2018-04-30', 7, 114),
       ('2018-04-30', 8, 94),
       ('2018-04-30', 9, 98),
       ('2018-04-30', 10, 105);

insert into Production_value(type_of_product, date_value_start, date_value_end, value)
VALUES ('сталь 15XCHD', '2010-01-01', '2011-07-27', 1560),
       ('сталь 15XCHD', '2011-07-28', '2012-02-10', 1472),
       ('сталь 15XCHD', '2012-02-11', '2013-03-31', 1365),
       ('сталь 15XCHD', '2013-04-01', '2014-07-20', 1487),
       ('сталь 15XCHD', '2014-07-21', '2014-12-15', 1585),
       ('сталь 15XCHD', '2014-12-16', '2015-03-24', 1473),
       ('сталь 15XCHD', '2015-03-25', '2015-09-01', 1413),
       ('сталь 15XCHD', '2015-09-02', '2016-04-15', 1399),
       ('сталь 15XCHD', '2016-04-16', '2018-02-17', 1478),
       ('сталь 15XCHD', '2018-02-18', '2018-04-04', 1460),
       ('сталь 15XCHD', '2018-04-05', '2019-08-10', 1393),
       ('сталь 15XCHD', '2019-08-11', '2020-09-22', 1501),
       ('сталь 15XCHD', '2020-09-23', '2021-02-01', 1553),
       ('сталь 15XCHD', '2021-02-02', '2021-05-15', 1486),
       ('сталь 15XCHD', '2021-05-16', '2023-04-03', 1500),
       ('сталь 15XCHD', '2023-04-04', '2024-05-16', 1451),
       ('сталь 15XCHD', '2024-05-17', '2025-11-10', 1357),
       ('сталь 15XCHD', '2025-11-11', '4000-01-01', 1231),
       ('сталь P5', '2010-01-01', '2010-04-16', 1470),
       ('сталь P5', '2010-04-17', '2011-10-15', 1377),
       ('сталь P5', '2011-10-16', '2012-12-02', 1239),
       ('сталь P5', '2012-12-03', '2013-07-22', 1311),
       ('сталь P5', '2013-07-23', '2014-11-13', 1183),
       ('сталь P5', '2014-11-14', '2015-02-18', 1295),
       ('сталь P5', '2015-02-19', '2015-03-14', 1177),
       ('сталь P5', '2015-03-15', '2015-06-15', 1217),
       ('сталь P5', '2015-06-16', '2017-01-08', 1361),
       ('сталь P5', '2017-01-09', '2018-02-04', 1395),
       ('сталь P5', '2018-02-05', '2019-11-17', 1271),
       ('сталь P5', '2019-11-18', '2021-05-17', 1319),
       ('сталь P5', '2021-05-18', '2022-07-26', 1298),
       ('сталь P5', '2022-07-27', '2023-10-26', 1298),
       ('сталь P5', '2023-10-27', '2025-09-07', 1233),
       ('сталь P5', '2025-09-08', '2026-09-08', 1342),
       ('сталь P5', '2026-09-09', '2027-03-10', 1252),
       ('сталь P5', '2027-03-11', '2028-04-05', 1376),
       ('сталь P5', '2028-04-06', '2030-01-01', 1356),
       ('сталь P5', '2030-01-02', '2030-10-11', 1458),
       ('сталь P5', '2030-10-12', '2031-10-26', 1405),
       ('сталь P5', '2031-10-27', '2032-05-15', 1271),
       ('сталь P5', '2032-05-16', '2032-12-19', 1400),
       ('сталь P5', '2032-12-20', '2034-10-19', 1418),
       ('сталь P5', '2034-10-20', '2035-09-19', 1473),
       ('сталь P5', '2035-09-20', '2037-05-22', 1551),
       ('сталь P5', '2037-05-23', '4000-01-01', 1498),
       ('сталь ШХ4', '2010-01-01', '2011-09-14', 1529),
       ('сталь ШХ4', '2011-09-15', '2012-04-06', 1566),
       ('сталь ШХ4', '2012-04-07', '2012-09-10', 1426),
       ('сталь ШХ4', '2012-09-11', '2014-05-11', 1291),
       ('сталь ШХ4', '2014-05-12', '2014-08-24', 1233),
       ('сталь ШХ4', '2014-08-25', '2014-12-25', 1212),
       ('сталь ШХ4', '2014-12-26', '2015-04-04', 1243),
       ('сталь ШХ4', '2015-04-05', '2016-12-08', 1329),
       ('сталь ШХ4', '2016-12-09', '2017-07-09', 1246),
       ('сталь ШХ4', '2017-07-10', '2019-05-21', 1288),
       ('сталь ШХ4', '2019-05-22', '2020-05-31', 1244),
       ('сталь ШХ4', '2020-06-01', '2020-08-13', 1316),
       ('сталь ШХ4', '2020-08-14', '2021-01-11', 1377),
       ('сталь ШХ4', '2021-01-12', '2021-07-23', 1447),
       ('сталь ШХ4', '2021-07-24', '2022-11-19', 1593),
       ('сталь ШХ4', '2022-11-20', '2023-01-22', 1574),
       ('сталь ШХ4', '2023-01-23', '2023-03-07', 1527),
       ('сталь ШХ4', '2023-03-08', '2024-07-25', 1587),
       ('сталь ШХ4', '2024-07-26', '2025-05-26', 1649),
       ('сталь ШХ4', '2025-05-27', '2026-11-02', 1784),
       ('сталь ШХ4', '2026-11-03', '2027-12-11', 1871),
       ('сталь ШХ4', '2027-12-12', '2028-03-05', 1915),
       ('сталь ШХ4', '2028-03-06', '2028-05-11', 1780),
       ('сталь ШХ4', '2028-05-12', '4000-01-01', 1755),
       ('дюрасталь 9DOG5', '2010-01-01', '2011-07-07', 2458),
       ('дюрасталь 9DOG5', '2011-07-08', '2013-02-21', 2397),
       ('дюрасталь 9DOG5', '2013-02-22', '2014-01-27', 2283),
       ('дюрасталь 9DOG5', '2014-01-28', '2014-04-08', 2348),
       ('дюрасталь 9DOG5', '2014-04-09', '2015-01-12', 2347),
       ('дюрасталь 9DOG5', '2015-01-13', '2015-08-13', 2297),
       ('дюрасталь 9DOG5', '2015-08-14', '2016-06-01', 2311),
       ('дюрасталь 9DOG5', '2016-06-02', '2018-03-24', 2450),
       ('дюрасталь 9DOG5', '2018-03-25', '2019-04-01', 2587),
       ('дюрасталь 9DOG5', '2019-04-02', '2020-07-20', 2608),
       ('дюрасталь 9DOG5', '2020-07-21', '4000-01-01', 2718),
       ('дюрасталь K9', '2010-01-01', '2010-06-14', 2332),
       ('дюрасталь K9', '2010-06-15', '2010-10-29', 2420),
       ('дюрасталь K9', '2010-10-30', '2011-03-09', 2304),
       ('дюрасталь K9', '2011-03-10', '2012-06-03', 2170),
       ('дюрасталь K9', '2012-06-04', '2013-11-09', 2223),
       ('дюрасталь K9', '2013-11-10', '2014-08-26', 2309),
       ('дюрасталь K9', '2014-08-27', '2015-05-16', 2394),
       ('дюрасталь K9', '2015-05-17', '2015-08-10', 2416),
       ('дюрасталь K9', '2015-08-11', '2015-11-27', 2279),
       ('дюрасталь K9', '2015-11-28', '2016-01-16', 2220),
       ('дюрасталь K9', '2016-01-17', '2017-11-24', 2237),
       ('дюрасталь K9', '2017-11-25', '2019-03-08', 2173),
       ('дюрасталь K9', '2019-03-09', '2020-02-21', 2071),
       ('дюрасталь K9', '2020-02-22', '2022-01-17', 1950),
       ('дюрасталь K9', '2022-01-18', '2022-04-27', 1906),
       ('дюрасталь K9', '2022-04-28', '2023-06-12', 1969),
       ('дюрасталь K9', '2023-06-13', '2025-04-05', 1858),
       ('дюрасталь K9', '2025-04-06', '2026-01-13', 1797),
       ('дюрасталь K9', '2026-01-14', '2026-07-21', 1874),
       ('дюрасталь K9', '2026-07-22', '2028-01-22', 1876),
       ('дюрасталь K9', '2028-01-23', '2028-07-02', 1997),
       ('дюрасталь K9', '2028-07-03', '2029-01-21', 1937),
       ('дюрасталь K9', '2029-01-22', '2029-11-06', 1987),
       ('дюрасталь K9', '2029-11-07', '2030-04-02', 1881),
       ('дюрасталь K9', '2030-04-03', '2032-01-25', 1764),
       ('дюрасталь K9', '2032-01-26', '2033-03-14', 1685),
       ('дюрасталь K9', '2033-03-15', '4000-01-01', 1587);

insert into Material(type_of_materials)
values ('магнитная руда'),
       ('чугун'),
       ('алюминиевый сплав'),
       ('дюралюминиевый сплав'),
       ('вольфрам');

insert into Required_materials(type_of_product, type_of_materials)
VALUES ('сталь 15XCHD', 'магнитная руда'),
       ('сталь P5', 'чугун'),
       ('сталь ШХ4', 'алюминиевый сплав'),
       ('дюрасталь 9DOG5', 'дюралюминиевый сплав'),
       ('дюрасталь K9', 'вольфрам');

insert into Materials_cost(type_of_materials, date_cost_start, date_cost_end, cost)
VALUES ('магнитная руда', '2010-01-01', '2010-06-20', 687),
       ('магнитная руда', '2010-06-21', '2011-02-26', 739),
       ('магнитная руда', '2011-02-27', '2011-09-26', 786),
       ('магнитная руда', '2011-09-27', '2013-05-27', 775),
       ('магнитная руда', '2013-05-28', '2014-05-05', 720),
       ('магнитная руда', '2014-05-06', '2016-03-30', 678),
       ('магнитная руда', '2016-03-31', '2017-04-23', 708),
       ('магнитная руда', '2017-04-24', '2019-02-13', 687),
       ('магнитная руда', '2019-02-14', '2019-05-31', 657),
       ('магнитная руда', '2019-06-01', '2020-10-22', 674),
       ('магнитная руда', '2020-10-23', '2020-12-23', 654),
       ('магнитная руда', '2020-12-24', '2021-03-08', 718),
       ('магнитная руда', '2021-03-09', '2022-09-24', 706),
       ('магнитная руда', '2022-09-25', '2024-07-06', 714),
       ('магнитная руда', '2024-07-07', '2024-10-26', 711),
       ('магнитная руда', '2024-10-27', '2024-12-16', 665),
       ('магнитная руда', '2024-12-17', '2025-12-12', 712),
       ('магнитная руда', '2025-12-13', '2026-07-01', 718),
       ('магнитная руда', '2026-07-02', '2027-01-29', 727),
       ('магнитная руда', '2027-01-30', '2027-05-22', 762),
       ('магнитная руда', '2027-05-23', '2027-09-25', 703),
       ('чугун', '2010-01-01', '2011-02-22', 678),
       ('чугун', '2011-02-23', '2012-04-07', 644),
       ('чугун', '2012-04-08', '2013-06-28', 708),
       ('чугун', '2013-06-29', '2014-12-16', 757),
       ('чугун', '2014-12-17', '2015-08-02', 815),
       ('чугун', '2015-08-03', '2015-12-05', 814),
       ('чугун', '2015-12-06', '2016-02-08', 758),
       ('алюминиевый сплав', '2010-01-01', '2010-11-27', 652),
       ('алюминиевый сплав', '2010-11-28', '2012-07-04', 619),
       ('алюминиевый сплав', '2012-07-05', '2012-09-27', 656),
       ('алюминиевый сплав', '2012-09-28', '2014-04-16', 656),
       ('алюминиевый сплав', '2014-04-17', '2014-07-04', 696),
       ('алюминиевый сплав', '2014-07-05', '2016-03-30', 766),
       ('алюминиевый сплав', '2016-03-31', '2016-07-09', 775),
       ('алюминиевый сплав', '2016-07-10', '2017-01-15', 766),
       ('алюминиевый сплав', '2017-01-16', '2017-03-08', 818),
       ('алюминиевый сплав', '2017-03-09', '2017-08-11', 864),
       ('алюминиевый сплав', '2017-08-12', '2017-11-19', 804),
       ('алюминиевый сплав', '2017-11-20', '2019-05-03', 848),
       ('алюминиевый сплав', '2019-05-04', '2019-08-21', 805),
       ('алюминиевый сплав', '2019-08-22', '2020-09-29', 819),
       ('алюминиевый сплав', '2020-09-30', '2022-04-07', 809),
       ('алюминиевый сплав', '2022-04-08', '2022-12-29', 847),
       ('алюминиевый сплав', '2022-12-30', '2024-07-05', 882),
       ('алюминиевый сплав', '2024-07-06', '2024-12-07', 937),
       ('алюминиевый сплав', '2024-12-08', '2026-05-29', 942),
       ('алюминиевый сплав', '2026-05-30', '2026-09-05', 979),
       ('алюминиевый сплав', '2026-09-06', '2027-06-04', 1004),
       ('алюминиевый сплав', '2027-06-05', '2029-04-24', 947),
       ('алюминиевый сплав', '2029-04-25', '2030-01-14', 906),
       ('алюминиевый сплав', '2030-01-15', '2030-11-13', 892),
       ('алюминиевый сплав', '2030-11-14', '2030-12-18', 873),
       ('алюминиевый сплав', '2030-12-19', '2031-11-01', 916),
       ('алюминиевый сплав', '2031-11-02', '2032-02-01', 884),
       ('алюминиевый сплав', '2032-02-02', '2033-11-04', 859),
       ('дюралюминиевый сплав', '2010-01-01', '2010-07-06', 1168),
       ('дюралюминиевый сплав', '2010-07-07', '2011-11-11', 1120),
       ('дюралюминиевый сплав', '2011-11-12', '2012-09-24', 1164),
       ('дюралюминиевый сплав', '2012-09-25', '2014-07-11', 1168),
       ('дюралюминиевый сплав', '2014-07-12', '2015-03-22', 1221),
       ('дюралюминиевый сплав', '2015-03-23', '2015-04-03', 1166),
       ('дюралюминиевый сплав', '2015-04-04', '2016-01-13', 1126),
       ('дюралюминиевый сплав', '2016-01-14', '2016-09-06', 1169),
       ('дюралюминиевый сплав', '2016-09-07', '2018-01-12', 1143),
       ('дюралюминиевый сплав', '2018-01-13', '2018-05-03', 1137),
       ('дюралюминиевый сплав', '2018-05-04', '2019-04-06', 1182),
       ('дюралюминиевый сплав', '2019-04-07', '2020-02-18', 1212),
       ('дюралюминиевый сплав', '2020-02-19', '2020-05-25', 1270),
       ('дюралюминиевый сплав', '2020-05-26', '2021-01-01', 1314),
       ('дюралюминиевый сплав', '2021-01-02', '2021-12-14', 1376),
       ('дюралюминиевый сплав', '2021-12-15', '2023-05-26', 1359),
       ('дюралюминиевый сплав', '2023-05-27', '2023-12-09', 1299),
       ('дюралюминиевый сплав', '2023-12-10', '2025-03-21', 1345),
       ('дюралюминиевый сплав', '2025-03-22', '2026-11-01', 1411),
       ('дюралюминиевый сплав', '2026-11-02', '2028-01-28', 1354),
       ('дюралюминиевый сплав', '2028-01-29', '2029-02-07', 1329),
       ('дюралюминиевый сплав', '2029-02-08', '2030-05-21', 1347),
       ('дюралюминиевый сплав', '2030-05-22', '2031-03-09', 1376),
       ('вольфрам', '2010-01-01', '2011-11-04', 1071),
       ('вольфрам', '2011-11-05', '2012-11-01', 1058),
       ('вольфрам', '2012-11-02', '2014-02-09', 1100),
       ('вольфрам', '2014-02-10', '2014-07-27', 1141),
       ('вольфрам', '2014-07-28', '2014-10-17', 1120),
       ('вольфрам', '2014-10-18', '2014-11-07', 1119),
       ('вольфрам', '2014-11-08', '2015-01-20', 1072),
       ('вольфрам', '2015-01-21', '2016-11-25', 1084),
       ('вольфрам', '2016-11-26', '2017-12-17', 1115),
       ('вольфрам', '2017-12-18', '2018-04-21', 1180),
       ('вольфрам', '2018-04-22', '2020-02-24', 1176),
       ('вольфрам', '2020-02-25', '2021-07-13', 1210),
       ('вольфрам', '2021-07-14', '2022-12-13', 1196),
       ('вольфрам', '2022-12-14', '2023-06-22', 1154),
       ('вольфрам', '2023-06-23', '2024-05-26', 1141),
       ('вольфрам', '2024-05-27', '2025-10-01', 1129),
       ('вольфрам', '2025-10-02', '2026-06-21', 1162),
       ('вольфрам', '2026-06-22', '2027-07-23', 1213),
       ('вольфрам', '2027-07-24', '2028-10-06', 1183),
       ('вольфрам', '2028-10-07', '2030-04-09', 1250),
       ('вольфрам', '2030-04-10', '2031-06-11', 1216),
       ('вольфрам', '2031-06-12', '2032-02-05', 1200),
       ('вольфрам', '2032-02-06', '2033-07-23', 1164),
       ('вольфрам', '2033-07-24', '2035-04-10', 1199),
       ('вольфрам', '2035-04-11', '2036-10-29', 1257),
       ('вольфрам', '2036-10-30', '2037-07-11', 1239),
       ('вольфрам', '2037-07-12', '2038-07-08', 1255),
       ('вольфрам', '2038-07-09', '2040-05-01', 1298),
       ('вольфрам', '2040-05-02', '2041-10-10', 1252);


select wsh.workshop_no,
       m.type_of_product
from Workshops wsh
join Machines m on m.workshop_no = wsh.workshop_no;


select shift_no,
       cast(avg(number_of_produced_production) as decimal(10))
from Products_per_day_by_shift
group by shift_no
order by shift_no;


select wr.full_name,
       wr.shift_no
from shifts sh
join Workers wr on wr.shift_no = sh.shift_no
where sh.start_time = (select max(start_time) from Shifts) and wr.position = 'начальник смены';


with actual_material_cost as (select m_c.type_of_materials,
        m_c.cost
 from Materials_cost as m_c,
      (select type_of_materials,
              max(date_cost_start) as last_date
       from Materials_cost
       group by type_of_materials) as q
 where m_c.type_of_materials = q.type_of_materials
   and m_c.date_cost_start = q.last_date),
     first_material_cost as (select m_c.type_of_materials,
        m_c.cost
 from Materials_cost as m_c,
      (select type_of_materials,
              min(date_cost_start) as last_date
       from Materials_cost
       group by type_of_materials) as q
 where m_c.type_of_materials = q.type_of_materials
   and m_c.date_cost_start = q.last_date)
select a_m_c.type_of_materials,
       a_m_c.cost - f_m_c.cost as delta
from actual_material_cost a_m_c
join first_material_cost f_m_c on a_m_c.type_of_materials = f_m_c.type_of_materials;


with product_per_month as (
  select shift_no,
         sum(number_of_produced_production) as sum
  from Products_per_day_by_shift
  group by shift_no
),
     actual_product_value as (
       select p.type_of_product,
              p.value
       from Production_value as p,
            (select type_of_product,
                    max(date_value_start) as last_date
             from Production_value
             group by type_of_product) as q
       where p.type_of_product = q.type_of_product
         and p.date_value_start = q.last_date)
select t.shift_no,
       t.sum * a_p_v.value as income
from (select sh.shift_no,
             sh.type_of_product,
             p_p_m.sum
      from product_per_month p_p_m
             join shifts sh on sh.shift_no = p_p_m.shift_no) as t,
     actual_product_value a_p_v
where t.type_of_product = a_p_v.type_of_product
order by t.shift_no;

///

create or replace view actual_product_value as
  select p.type_of_product,
              p.value
       from Production_value as p,
            (select type_of_product,
                    max(date_value_start) as last_date
             from Production_value
             group by type_of_product) as q
       where p.type_of_product = q.type_of_product
         and p.date_value_start = q.last_date;

create or replace view actual_materials_cost as
  select m_c.type_of_materials,
        m_c.cost
 from Materials_cost as m_c,
      (select type_of_materials,
              max(date_cost_start) as last_date
       from Materials_cost
       group by type_of_materials) as q
 where m_c.type_of_materials = q.type_of_materials
   and m_c.date_cost_start = q.last_date;

create or replace view workshops_info as
  select wsh.workshop_no,
         m.type_of_product,
         m.machine_type
from Workshops wsh
join machines m on m.workshop_no = wsh.workshop_no;

create or replace view factory_worker as
  select shift_no,
         full_name,
         position
from Workers;

create or replace view last_day_production as
  select sh.type_of_product,
         sum(t.sum) as number
    from shifts sh
  join (select shift_no,
         sum(number_of_produced_production) as sum
  from Products_per_day_by_shift
  where date = (select max(date) from Products_per_day_by_shift)
  group by shift_no) as t on t.shift_no = sh.shift_no
group by sh.type_of_product;

create or replace view shifts_info as
  select shift_no,
         workshop_no,
         start_time,
         end_time
from Shifts;

create or replace view all_production_types as
  select * from Production;

create or replace view all_material_types as
  select * from Material;

select a_p_v.type_of_product,
       sum(l_d_p.sum*a_p_v.value) as income
from actual_product_value a_p_v, last_day_production l_d_p
where a_p_v.type_of_product = l_d_p.type_of_product
group by a_p_v.type_of_product;

select shift_no,
       full_name
from factory_worker
where position = 'сталевар';

select * from workshops_info;

create view delta_cost as
  select a_p_v.type_of_product,
         a_p_v.value - stuffff.cost as delta
         from(select r_m.type_of_materials,
               cost,
               type_of_product
  from actual_materials_cost a_m_c
       join Required_materials r_m on a_m_c.type_of_materials = r_m.type_of_materials) as stuffff
join actual_product_value a_p_v on a_p_v.type_of_product = stuffff.type_of_product

create view manufactoring_cost_per_day as
      select l_d_p.type_of_product,
             l_d_p.number*money.value as manufactoring_cost
             from (select a_p_v.type_of_product,
         a_p_v.value - d_c.delta as value
from actual_product_value a_p_v
join delta_cost d_c on d_c.type_of_product = a_p_v.type_of_product) as money
join last_day_production l_d_p on l_d_p.type_of_product = money.type_of_product
